No,Keyword,Search Intent,Search Volume,CPC,Paid Difficulty,SEO Difficulty
1,"microsoft excel benefits",null,"210","$0.00","1","_"
2,"how to use excel",null,"90,500","$1.03","1","_"
3,"ai and excel",null,"320","$3.01","54","_"
4,"how to use excel filter",null,"14,800","$0.67","1","_"
5,"how to use excel pivot table",null,"12,100","$0.33","5","_"
6,"ai for customer service",null,"9,900","$51.86","22","_"
7,"how to use excel count",null,"8,100","$0.05","3","_"
8,"how to use excel to calculate age",null,"6,600","$0.01","1","_"
9,"how to use excel formula",null,"5,400","$0.32","5","_"
10,"how to use excel sum function",null,"5,400","$0.06","4","_"
11,"how to use excel equations",null,"4,400","$0.24","6","_"
12,"how to add numbers in excel 1 2 3",null,"4,400","$0.00","1","_"
13,"how to use excel lookup",null,"2,900","$0.12","3","_"
14,"how to use excel solver",null,"2,900","$0.16","1","_"
15,"how to use excel for spreadsheet",null,"2,900","$1.94","27","_"
16,"ai excel bot",null,"2,900","$2.07","31","_"
17,"how to use excel for free",null,"2,400","$1.39","15","_"
18,"how to use excel count function",null,"2,400","$0.09","1","_"
19,"how to use excel slicer",null,"1,900","$0.02","1","_"
20,"how to use excel index function",null,"1,900","$0.05","3","_"
21,"how to use excel match",null,"1,900","$0.05","2","_"
22,"how to use excel vlookup function",null,"1,900","$0.17","4","_"
23,"how to use excel sheet",null,"1,900","$0.68","10","_"
24,"how to use excel data validation",null,"1,600","$0.65","1","_"
25,"how to use excel in computer",null,"1,600","$0.16","19","_"
26,"how to use excel step by step",null,"1,600","$0.93","13","_"
27,"how to use excel drop down list",null,"1,600","$0.05","4","_"
28,"how to use excel average function",null,"1,600","$0.00","1","_"
29,"how to use excel autofill",null,"1,300","$0.00","1","_"
30,"how to use excel round function",null,"1,300","$0.03","3","_"
31,"ai excel sheet generator",null,"1,300","$5.85","55","_"
32,"how to use excel data analysis",null,"1,000","$1.50","15","_"
33,"how to use excel vba",null,"1,000","$0.41","4","_"
34,"how to use excel advanced filter",null,"1,000","$0.33","1","_"
35,"how to use excel pmt function",null,"1,000","$0.06","2","_"
36,"ai excel sheet maker",null,"1,000","$1.31","42","_"
37,"how to use excel for data analysis",null,"880","$0.99","20","_"
38,"how to use excel data table",null,"880","$0.72","1","_"
39,"how to sort numbers in excel 1 2 3",null,"880","$0.00","1","_"
40,"how to use excel in",null,"880","$0.00","1","_"
41,"ai excel generator",null,"880","$3.52","51","_"
42,"microsoft access benefits over excel",null,"720","$0.00","2","_"
43,"how to use textjoin in excel",null,"720","$0.04","3","_"
44,"how to use excel percentage formula",null,"720","$0.00","1","_"
45,"how to use excel to calculate",null,"720","$0.67","4","_"
46,"how to use excel in mac",null,"720","$2.92","8","_"
47,"how to use excel in laptop",null,"720","$0.07","7","_"
48,"how to use excel consolidate",null,"720","$0.00","1","_"
49,"ai excel formula generator",null,"720","$1.78","27","_"
50,"how to enable copilot in excel 365",null,"590","$1.12","2","_"
51,"how to use excel subtotal function",null,"590","$0.10","2","_"
52,"how to use excel in phone",null,"590","$0.12","7","_"
53,"how to use excel on mobile",null,"590","$0.05","13","_"
54,"how to use excel for budgeting",null,"480","$3.79","23","_"
55,"how to use excel what if analysis",null,"480","$0.00","1","_"
56,"how to use excel grouping",null,"480","$0.00","1","_"
57,"how to use excel in macbook",null,"480","$1.75","4","_"
58,"how to use excel in ipad",null,"480","$1.74","2","_"
59,"how to use excel replace function",null,"480","$0.00","1","_"
60,"how to use excel sort function",null,"480","$0.00","1","_"
61,"how to use excel multiple if function",null,"480","$0.02","2","_"
62,"ai excel analysis",null,"480","$3.28","56","_"
63,"how to access excel vba",null,"390","$0.00","1","_"
64,"how to use excel power pivot",null,"390","$0.18","3","_"
65,"how to use excel date formula",null,"390","$0.00","1","_"
66,"how to use excel roundup",null,"390","$0.03","3","_"
67,"how to use excel pie chart",null,"390","$0.27","1","_"
68,"how to enable macros in excel 365",null,"390","$0.00","1","_"
69,"how to use excel on android phone",null,"320","$0.13","12","_"
70,"how to use excel keyboard shortcuts",null,"320","$0.43","1","_"
71,"how to use excel date function",null,"320","$0.00","2","_"
72,"ai 900 exam schedule",null,"320","$0.00","1","_"
73,"ai excel maker",null,"320","$2.18","44","_"
74,"ai excel tools",null,"320","$5.49","44","_"
75,"ai excel free",null,"320","$0.74","28","_"
76,"how to use excel tables",null,"260","$0.00","3","_"
77,"how to use excel on ipad for free",null,"260","$0.18","3","_"
78,"how to insert file in excel 365",null,"260","$0.00","1","_"
79,"how to use excel without mouse",null,"260","$0.00","1","_"
80,"how to use excel analysis toolpak",null,"260","$0.00","1","_"
81,"how to use excel gantt chart",null,"260","$2.02","17","_"
82,"ai business analyst salary",null,"260","$0.00","2","_"
83,"benefits of microsoft excel",null,"210","$0.00","1","_"
84,"how to use excel for data entry",null,"210","$0.20","10","_"
85,"how to use excel vba code",null,"210","$0.68","2","_"
86,"how to use excel online",null,"210","$0.00","2","_"
87,"how to use excel charts",null,"210","$0.80","5","_"
88,"how to use excel on iphone",null,"210","$0.57","17","_"
89,"how to use excel on mac for free",null,"210","$2.45","7","_"
90,"how to use excel on laptop",null,"210","$0.15","14","_"
91,"how to use excel chart template",null,"210","$0.00","1","_"
92,"ai excel data analysis",null,"210","$3.81","67","_"
93,"ai excel template generator",null,"210","$2.68","45","_"
94,"how to use excel for work",null,"170","$0.41","15","_"
95,"how to use excel data analysis toolpak",null,"170","$0.00","2","_"
96,"how to use excel for beginners pdf",null,"170","$1.14","24","_"
97,"how to use excel maps",null,"170","$0.00","1","_"
98,"how to use excel query",null,"170","$0.00","2","_"
99,"how to use excel to plot graph",null,"170","$0.27","4","_"
100,"how to use excel on chromebook",null,"170","$0.00","1","_"
101,"ai excel creator",null,"170","$3.35","53","_"
102,"ai excel helper",null,"170","$9.25","70","_"
103,"how to use excel what if analysis data table",null,"140","$0.00","1","_"
104,"how to use excel visual basic",null,"140","$0.93","4","_"
105,"how to use excel in macbook for free",null,"140","$1.41","6","_"
106,"how to use excel properly",null,"140","$1.78","12","_"
107,"how to use excel histogram",null,"140","$0.00","2","_"
108,"how to use excel random number generator",null,"140","$0.00","1","_"
109,"how to use excel add ins",null,"140","$0.00","1","_"
110,"how to add 5 in excel",null,"140","$0.00","1","_"
111,"ai on excel",null,"140","$4.21","26","_"
112,"how to use excel for project management",null,"110","$5.39","40","_"
113,"how to use excel for calculation",null,"110","$0.04","5","_"
114,"how to save excel as jpg",null,"110","$0.00","2","_"
115,"how to use excel basics",null,"110","$1.35","21","_"
116,"how to excel histogram",null,"110","$0.00","1","_"
117,"how to use excel on phone",null,"110","$0.36","17","_"
118,"how to use excel data model",null,"110","$0.00","1","_"
119,"how to use excel solver for linear programming",null,"110","$0.00","1","_"
120,"how to close excel using keyboard",null,"110","$0.00","1","_"
121,"how to use excel mail merge",null,"110","$0.00","1","_"
122,"how to use excel online for free",null,"110","$2.70","8","_"
123,"ai in entertainment examples",null,"110","$0.00","1","_"
124,"ai companies to work for",null,"110","$3.95","14","_"
125,"ai excel editor",null,"110","$5.45","40","_"
126,"how to use excel course",null,"90","$2.23","15","_"
127,"how to use excel in laptop for free",null,"90","$0.00","2","_"
128,"how to close excel with keyboard",null,"90","$0.00","1","_"
129,"how to fill numbers in excel 1 2 3",null,"90","$0.00","1","_"
130,"how to use excel map chart",null,"90","$0.00","1","_"
131,"how to use excel in tablet",null,"90","$0.00","3","_"
132,"how to use ai in excel 365",null,"90","$4.00","22","_"
133,"how to move rows in excel up and down",null,"90","$0.00","1","_"
134,"how to use excel group function",null,"90","$0.00","1","_"
135,"ai and ay rules",null,"90","$0.00","1","_"
136,"ai beginner jobs",null,"90","$1.71","38","_"
137,"ai excel agent",null,"90","$9.28","46","_"
138,"ai excel sheet creator",null,"90","$1.00","47","_"
139,"ai and excel course",null,"90","$2.29","71","_"
140,"how to use excel 3d maps",null,"70","$0.00","1","_"
141,"how to use excel for free on mac",null,"70","$3.56","10","_"
142,"how to put numbers in excel 1 2 3",null,"70","$0.00","1","_"
143,"how to use excel dashboard",null,"70","$1.80","9","_"
144,"ai excel dashboard",null,"70","$3.33","51","_"
145,"ai en excel",null,"70","$1.66","34","_"
146,"ai excel file generator",null,"70","$3.05","39","_"
147,"ai excel sheet analysis",null,"70","$5.06","62","_"
148,"ai excel help",null,"70","$6.15","62","_"
149,"ai excel assistant",null,"70","$6.59","42","_"
150,"ai excel add in",null,"70","$7.11","22","_"
151,"how to use excel spreadsheet for budgeting",null,"50","$6.30","39","_"
152,"how to use copilot in excel 365",null,"50","$1.40","10","_"
153,"how to merge cells in excel keyboard shortcut",null,"50","$0.00","1","_"
154,"how to use excel to find duplicates",null,"50","$0.00","5","_"
155,"how to use excel graphs",null,"50","$0.00","1","_"
156,"how to use excel youtube",null,"50","$0.00","6","_"
157,"how to use excel pdf",null,"50","$0.00","12","_"
158,"how to use excel spreadsheet for beginners",null,"50","$0.86","31","_"
159,"how to use excel shortcuts on mac",null,"50","$0.00","6","_"
160,"how to use excel in ipad for free",null,"50","$0.00","1","_"
161,"how to use excel gantt chart template",null,"50","$2.36","10","_"
162,"how to use excel sheet in mobile",null,"50","$0.05","35","_"
163,"ai suite 3 not working",null,"50","$0.00","1","_"
164,"ai excel report generator",null,"50","$1.09","49","_"
165,"ai excel template generator free",null,"50","$2.51","60","_"
166,"ai excel analysis free",null,"50","$2.57","53","_"
167,"ai excel copilot",null,"50","$2.20","33","_"
168,"ai excel translator",null,"50","$0.86","52","_"
169,"ai excel dashboard generator",null,"50","$3.49","67","_"
170,"how to use excel sheet in laptop",null,"40","$0.00","2","_"
171,"how to use excel video",null,"40","$0.00","4","_"
172,"how to save excel in xlsx format",null,"40","$0.00","1","_"
173,"how to use excel on android phone for free",null,"40","$0.09","19","_"
174,"how to use excel to calculate days between dates",null,"40","$0.00","5","_"
175,"how to save excel with keyboard shortcut",null,"40","$0.00","1","_"
176,"how to use excel regression tool",null,"40","$0.00","1","_"
177,"how to use excel irr function",null,"40","$0.49","5","_"
178,"ai excel plugin",null,"40","$9.17","45","_"
179,"ai excel chart generator",null,"40","$13.10","43","_"
180,"ai excel analysis free online",null,"40","$1.93","49","_"
181,"ai excel data analysis free",null,"40","$1.44","66","_"
182,"ai excel solver",null,"40","$5.66","56","_"
183,"ai excel course near me",null,"40","$0.68","54","_"
184,"ai excel 10x",null,"40","$0.00","16","_"
185,"ai excel app",null,"40","$1.88","33","_"
186,"ai excel builder",null,"40","$6.76","61","_"
187,"ai excel table generator",null,"40","$0.71","48","_"
188,"ai excel graph generator",null,"40","$4.80","64","_"
189,"ai excel online",null,"40","$1.33","36","_"
190,"how to use excel as a project management tool",null,"30","$4.84","35","_"
191,"how to put 123 in excel",null,"30","$0.00","1","_"
192,"how to use excel npv function",null,"30","$0.00","2","_"
193,"how to use excel filter formula",null,"30","$0.00","1","_"
194,"how to rotate text in excel 90 degrees",null,"30","$0.00","1","_"
195,"how to make text in excel uppercase",null,"30","$0.00","1","_"
196,"how to use excel to check for duplicates",null,"30","$0.32","8","_"
197,"how to use excel waterfall chart",null,"30","$0.00","1","_"
198,"how to use excel 2025",null,"30","$0.00","28","_"
199,"how to use excel 2016",null,"30","$0.00","2","_"
200,"how to use excel 365 for free",null,"30","$0.00","14","_"
201,"how to graph in excel x and y axis",null,"30","$0.00","1","_"
202,"how to use excel calendar template",null,"30","$0.00","1","_"
203,"how to use excel as a crm",null,"30","$11.04","28","_"
204,"how to use excel book",null,"30","$1.00","100","_"
205,"ai excel dashboard generator free",null,"30","$1.05","52","_"
206,"ai extract excel formula",null,"30","$0.00","6","_"
207,"ai in employee benefits",null,"30","$14.50","56","_"
208,"ai excel sheet generator free download",null,"30","$1.41","33","_"
209,"ai excel analyzer",null,"30","$3.52","53","_"
210,"ai compare text",null,"30","$1.33","17","_"
211,"ai excel español",null,"30","$0.37","23","_"
212,"ai and excel spreadsheets",null,"30","$7.65","65","_"
213,"ai excel sheet editor",null,"30","$2.07","49","_"
214,"ai integrated excel course",null,"30","$0.43","65","_"
215,"ai excel maker free",null,"30","$0.20","25","_"
216,"ai excel automation",null,"30","$2.44","53","_"
217,"ai excel model builder",null,"30","$1.96","66","_"
218,"ai excel converter",null,"30","$2.76","24","_"
219,"microsoft excel course skillsfuture",null,"20","$4.92","20","_"
220,"how to use excel budget template",null,"20","$0.00","28","_"
221,"how to use excel gantt project planner",null,"20","$0.00","12","_"
222,"how to use excel power query editor",null,"20","$0.00","5","_"
223,"how to merge cells in excel quickly",null,"20","$0.00","1","_"
224,"how to save excel in xls format",null,"20","$0.00","1","_"
225,"how to delete in excel empty rows",null,"20","$0.00","2","_"
226,"how to use excel efficiently",null,"20","$0.00","8","_"
227,"how to use vlookup excel from another sheet",null,"20","$0.00","2","_"
228,"how to use excel program",null,"20","$1.14","30","_"
229,"how to use excel google sheets",null,"20","$0.00","4","_"
230,"how to use excel round up function",null,"20","$0.00","7","_"
231,"how to use excel rate function",null,"20","$0.00","3","_"
232,"how to add 8 in excel",null,"20","$0.00","1","_"
233,"how to excel in university",null,"20","$0.00","1","_"
234,"how to use excel currency converter",null,"20","$0.00","1","_"
235,"how to use python in excel 365",null,"20","$0.00","3","_"
236,"how to excel in your job",null,"20","$0.00","1","_"
237,"how to use excel basic knowledge",null,"20","$0.00","13","_"
238,"how to use excel linest function",null,"20","$0.00","2","_"
239,"how to use excel pv function",null,"20","$0.00","1","_"
240,"how to filter in excel keyboard shortcut",null,"20","$0.00","1","_"
241,"how to use excel multiply formula",null,"20","$0.00","2","_"
242,"how to excel update",null,"20","$0.00","1","_"
243,"how to use excel in ai",null,"20","$0.11","28","_"
244,"how to use excel utility for income tax return",null,"20","$0.00","12","_"
245,"how to use excel unique function",null,"20","$0.00","1","_"
246,"how to use excel unlicensed product",null,"20","$0.00","1","_"
247,"how to use 0 in excel",null,"20","$0.00","1","_"
248,"how to use excel mera 71",null,"20","$0.00","1","_"
249,"ai three rules",null,"20","$0.00","1","_"
250,"ai 3 laws",null,"20","$0.00","1","_"
251,"ai excel dashboard maker",null,"20","$1.43","70","_"
252,"nikon ai and ais difference",null,"20","$0.00","1","_"
253,"ai excel sheet generator free online",null,"20","$0.73","31","_"
254,"ai excel to powerpoint",null,"20","$1.69","56","_"
255,"ai excel vba code generator",null,"20","$0.00","8","_"
256,"ai excel vba code generator free",null,"20","$0.00","27","_"
257,"ai excel template",null,"20","$3.92","35","_"
258,"ai excel extension",null,"20","$4.73","27","_"
259,"ai excel macro generator",null,"20","$3.45","37","_"
260,"ai and excel course free",null,"20","$0.87","57","_"
261,"ai excel download",null,"20","$0.00","10","_"
262,"ai excel course fees",null,"20","$0.42","64","_"
263,"ai excel shortcut",null,"20","$0.00","9","_"
264,"ai excel spreadsheet builder",null,"20","$8.60","74","_"
265,"ai excel tools free",null,"20","$1.54","41","_"
266,"ai excel chatgpt",null,"20","$3.21","41","_"
267,"ai excel course free with certificate",null,"20","$0.35","48","_"
268,"ai excel certificate course",null,"20","$1.52","68","_"
269,"ai về excel",null,"20","$0.12","20","_"
270,"ai excel file",null,"20","$1.33","35","_"
271,"ai excel modeling",null,"20","$11.24","78","_"
272,"ai excel sheet analysis free",null,"20","$2.58","56","_"
273,"ai excel reader",null,"20","$4.19","61","_"
274,"ai excel sheet free",null,"20","$5.50","19","_"
275,"ai excel checker",null,"20","$6.10","48","_"
276,"ai extract excel",null,"20","$0.00","22","_"
277,"nikon ai non ai difference",null,"20","$0.00","9","_"
278,"ai and microsoft excel",null,"20","$2.45","39","_"
279,"ai excel formatting",null,"20","$3.24","55","_"
280,"benefits of microsoft excel for students",null,"10","$0.00","1","_"
281,"benefits of microsoft excel certification",null,"10","$0.00","1","_"
282,"how to use excel for writing",null,"10","$0.00","11","_"
283,"how to work for excel",null,"10","$0.00","20","_"
284,"how to use excel data to make a graph",null,"10","$0.00","2","_"
285,"how to use excel easy",null,"10","$1.27","25","_"
286,"how to use excel agent mode",null,"10","$0.00","1","_"
287,"how to use excel web version",null,"10","$0.00","1","_"
288,"how to use excel in xiaomi pad 6",null,"10","$0.00","1","_"
289,"how to use excel better",null,"10","$0.00","37","_"
290,"how to use excel without microsoft account",null,"10","$0.00","2","_"
291,"how to get 5 in excel",null,"10","$0.00","1","_"
292,"how to use excel powerpoint",null,"10","$0.00","2","_"
293,"how to highlight in excel keyboard shortcut",null,"10","$0.00","1","_"
294,"how to use excel with claude",null,"10","$17.08","10","_"
295,"how to use excel python",null,"10","$0.00","1","_"
296,"how to plot in excel x vs y",null,"10","$0.00","1","_"
297,"how to use excel app for free",null,"10","$0.00","12","_"
298,"how to use excel in copilot",null,"10","$0.00","10","_"
299,"how to use excel 2026",null,"10","$0.00","5","_"
300,"how to use excel to match data from another sheet",null,"10","$0.00","1","_"
301,"how to use excel using ai",null,"10","$0.19","40","_"
302,"how to use excel scripts",null,"10","$0.00","1","_"
303,"how to use excel 2013",null,"10","$0.00","1","_"
304,"how to read excel in javascript",null,"10","$0.00","10","_"
305,"how to use excel labs",null,"10","$0.00","1","_"
306,"how to plot in excel x and y",null,"10","$0.00","1","_"
307,"claude ai and excel",null,"10","$5.25","23","_"
308,"ai excel free online",null,"10","$0.32","24","_"
309,"ai excel website",null,"10","$5.08","22","_"
310,"ai excel alternative",null,"10","$0.00","27","_"
311,"ai is best applicable for which scenario",null,"10","$0.00","1","_"
312,"ai excel table",null,"10","$0.00","38","_"
313,"ai excel document creator",null,"10","$3.76","86","_"
314,"ai excel quantum",null,"10","$0.76","15","_"
315,"ai excel job salary",null,"10","$0.00","1","_"
316,"ai in excel hindi",null,"10","$0.00","1","_"
317,"ai excel tutorial",null,"10","$0.47","46","_"
318,"ai excel jobs",null,"10","$0.31","21","_"
319,"ai excel bot extension",null,"10","$0.00","1","_"
320,"ai excel replacement",null,"10","$0.00","56","_"
321,"ai se excel kaise sikhe",null,"10","$0.15","25","_"
322,"ai and chatgpt with excel",null,"10","$0.00","50","_"
323,"open ai and excel",null,"10","$0.00","1","_"
324,"microsoft excel skills future",null,"0","$0.00","1","_"
325,"benefits of microsoft excel in business",null,"0","$0.00","1","_"
326,"ms excel definition advantages and disadvantages",null,"0","$0.00","1","_"
327,"xlsx benefits",null,"0","$0.00","1","_"
328,"microsoft excel basic ntuc",null,"0","$0.00","1","_"
329,"benefits of microsoft excel in the workplace",null,"0","$0.00","1","_"
330,"how to use excel formula for if",null,"0","$0.00","1","_"
331,"how to use microsoft excel for",null,"0","$0.00","1","_"
332,"how to learn excel in 5 minutes",null,"0","$0.00","1","_"
333,"how to use excel vba macros",null,"0","$0.00","1","_"
334,"how to use excel xl830l multimeter",null,"0","$0.00","1","_"
335,"how to use excel make a table",null,"0","$0.00","1","_"
336,"how to use excel in sql query",null,"0","$0.00","1","_"
337,"how to use excel year function",null,"0","$0.00","1","_"
338,"how to compare in excel 2 columns",null,"0","$0.00","1","_"
339,"how to excel header",null,"0","$0.00","1","_"
340,"how to use excel match formula",null,"0","$0.00","1","_"
341,"how to use if function in excel with 5 conditions",null,"0","$0.00","1","_"
342,"how to excel in high school",null,"0","$0.00","1","_"
343,"how to rotate cells in excel 60 degrees",null,"0","$0.00","1","_"
344,"how to use excel quick guide",null,"0","$0.00","1","_"
345,"how to use excel rand function",null,"0","$0.00","1","_"
346,"how to use subtotal 9 in excel",null,"0","$0.00","1","_"
347,"how to use excel unique formula",null,"0","$0.00","1","_"
348,"how to use excel quartile function",null,"0","$0.00","1","_"
349,"how to use excel buttons",null,"0","$0.00","1","_"
350,"how to share workbook in excel 97 2003",null,"0","$0.00","1","_"
351,"how to shift cells in excel up",null,"0","$0.00","1","_"
352,"how to use excel round",null,"0","$0.00","1","_"
353,"how to use excel growth function",null,"0","$0.00","1","_"
354,"how to use excel to calculate cagr",null,"0","$0.00","1","_"
355,"how to use excel live in teams",null,"0","$0.00","1","_"
356,"how to move row in excel up",null,"0","$0.00","1","_"
357,"how to convert excel in json",null,"0","$0.00","1","_"
358,"how to use excel in honor pad 9",null,"0","$0.00","1","_"
359,"how to save excel in 64 bit",null,"0","$0.00","1","_"
360,"how to move cells in excel up",null,"0","$0.00","1","_"
361,"how to use excel group feature",null,"0","$0.00","1","_"
362,"how to use excel drag down",null,"0","$0.00","1","_"
363,"how to use excel xlookup formula",null,"0","$0.00","1","_"
364,"how to write in excel 0001",null,"0","$0.00","1","_"
365,"how to use excel hlookup formula",null,"0","$0.00","1","_"
366,"how to use excel normal distribution function",null,"0","$0.00","1","_"
367,"how to add & in excel header",null,"0","$0.00","1","_"
368,"how to save excel in jpg",null,"0","$0.00","1","_"
369,"how to connect excel with jira",null,"0","$0.00","1","_"
370,"how to use excel to calculate bmi",null,"0","$0.00","1","_"
371,"how to insert checkbox in excel 97 2003",null,"0","$0.00","1","_"
372,"how to excel in quiz",null,"0","$0.00","1","_"
373,"how to sort in excel 2 columns",null,"0","$0.00","1","_"
374,"how to use excel guide pdf",null,"0","$0.00","1","_"
375,"how to subtotal in excel 365",null,"0","$0.00","1","_"
376,"how to use excel in microsoft 365 copilot",null,"0","$0.00","1","_"
377,"how to use in excel concatenate",null,"0","$0.00","1","_"
378,"how to in excel for beginners",null,"0","$0.00","1","_"
379,"how to use excel groupby",null,"0","$0.00","1","_"
380,"how to use excel dark mode",null,"0","$0.00","1","_"
381,"how to use excel lambda",null,"0","$0.00","1","_"
382,"how to filter in excel key",null,"0","$0.00","1","_"
383,"how to calculate in excel 5",null,"0","$0.00","1","_"
384,"how to use utf 8 in excel",null,"0","$0.00","1","_"
385,"how to turn text in excel 90 degrees",null,"0","$0.00","1","_"
386,"how to use excel new version",null,"0","$0.00","1","_"
387,"how to use excel round formula",null,"0","$0.00","1","_"
388,"how to use excel 365 offline",null,"0","$0.00","1","_"
389,"how to write in excel 1st",null,"0","$0.00","1","_"
390,"how to use excel npv",null,"0","$0.00","1","_"
391,"how to write in excel 01",null,"0","$0.00","1","_"
392,"how to strikethrough in excel keyboard shortcut",null,"0","$0.00","1","_"
393,"how to use excel xmatch",null,"0","$0.00","1","_"
394,"how to put excel numbers",null,"0","$0.00","1","_"
395,"how to use excel employee absence schedule",null,"0","$0.00","1","_"
396,"how to use excel divide formula",null,"0","$0.00","1","_"
397,"how to use excel yield function",null,"0","$0.00","1","_"
398,"how to use excel queries and connections",null,"0","$0.00","1","_"
399,"how to multiply in excel 2 columns",null,"0","$0.00","1","_"
400,"how to write in excel 001",null,"0","$0.00","1","_"
401,"how to multiply in excel 2 cells",null,"0","$0.00","1","_"
402,"how to excel header and footer",null,"0","$0.00","1","_"
403,"how to use vlookup excel example",null,"0","$0.00","1","_"
404,"how to start excel with zero",null,"0","$0.00","1","_"
405,"how to write in excel 1 2",null,"0","$0.00","1","_"
406,"how to use excel bubble chart",null,"0","$0.00","1","_"
407,"how to use excel name manager",null,"0","$0.00","1","_"
408,"how to excel in my job",null,"0","$0.00","1","_"
409,"how to use arrow keys excel",null,"0","$0.00","1","_"
410,"how to use excel reddit",null,"0","$0.00","1","_"
411,"how to run excel in 64 bit mode",null,"0","$0.00","1","_"
412,"how to undo in excel key",null,"0","$0.00","1","_"
413,"how to compare in excel 2 sheets",null,"0","$0.00","1","_"
414,"how to vlookup in excel example",null,"0","$0.00","1","_"
415,"how to excel zoom out",null,"0","$0.00","1","_"
416,"how to put zero excel",null,"0","$0.00","1","_"
417,"how to use excel delimiter",null,"0","$0.00","1","_"
418,"how to in excel numbers",null,"0","$0.00","1","_"
419,"how to open excel in 64 bit mode",null,"0","$0.00","1","_"
420,"how to type in excel 1st",null,"0","$0.00","1","_"
421,"how to use excel to generate qr code",null,"0","$0.00","1","_"
422,"how to excel hyperlink",null,"0","$0.00","1","_"
423,"how to use excel let function",null,"0","$0.00","1","_"
424,"how to textjoin in excel 2016",null,"0","$0.00","1","_"
425,"how to use excel easy steps",null,"0","$0.00","1","_"
426,"how to sort in excel keep rows together",null,"0","$0.00","1","_"
427,"how to type 0900 in excel",null,"0","$0.00","1","_"
428,"how to add excel in jira",null,"0","$0.00","1","_"
429,"how to use excel xirr function",null,"0","$0.00","1","_"
430,"how to use excel xirr formula",null,"0","$0.00","1","_"
431,"how to use excel npv formula",null,"0","$0.00","1","_"
432,"how to use excel rank formula",null,"0","$0.00","1","_"
433,"how to put 0 excel",null,"0","$0.00","1","_"
434,"how to use in excel countif",null,"0","$0.00","1","_"
435,"how to filter in excel 2 columns",null,"0","$0.00","1","_"
436,"how to use excel query function",null,"0","$0.00","1","_"
437,"how to use excel keyboard shortcuts on mac",null,"0","$0.00","1","_"
438,"how to use excel to do forecast",null,"0","$0.00","1","_"
439,"how to use in excel conditional formatting",null,"0","$0.00","1","_"
440,"how to excel in engineering college",null,"0","$0.00","1","_"
441,"how to use excel hlookup",null,"0","$0.00","1","_"
442,"how to use excel value function",null,"0","$0.00","1","_"
443,"how to excel highlight duplicates",null,"0","$0.00","1","_"
444,"how to use excel xlookup function",null,"0","$0.00","1","_"
445,"how to use excel 64 bit",null,"0","$0.00","1","_"
446,"how to convert excel in zip file",null,"0","$0.00","1","_"
447,"how to excel zoom",null,"0","$0.00","1","_"
448,"how to export excel in jira",null,"0","$0.00","1","_"
449,"how to use excel vstack",null,"0","$0.00","1","_"
450,"how to use excel let",null,"0","$0.00","1","_"
451,"how to filter in excel 365",null,"0","$0.00","1","_"
452,"how to use 80 20 rule in excel",null,"0","$0.00","1","_"
453,"how to use excel box and whisker plot",null,"0","$0.00","1","_"
454,"how to enable macros in excel 97",null,"0","$0.00","1","_"
455,"how to use excel round up",null,"0","$0.00","1","_"
456,"how to use excel for the first time",null,"0","$0.00","1","_"
457,"how to use excel groupby function",null,"0","$0.00","1","_"
458,"how to access excel power query",null,"0","$0.00","1","_"
459,"how to use excel &",null,"0","$0.00","1","_"
460,"how to apply 0 in excel",null,"0","$0.00","1","_"
461,"how to use power query excel online",null,"0","$0.00","1","_"
462,"how to remove duplicates in excel 97 2003",null,"0","$0.00","1","_"
463,"how to use excel get data from pdf",null,"0","$0.00","1","_"
464,"how to use excel quick analysis tool",null,"0","$0.00","1","_"
465,"how to use microsoft excel 365",null,"0","$0.00","1","_"
466,"how to put 5 in excel",null,"0","$0.00","1","_"
467,"how to excel highlight every other row",null,"0","$0.00","1","_"
468,"ai and excel vba",null,"0","$0.00","1","_"
469,"ai excel budget generator",null,"0","$0.00","1","_"
470,"ai excel budget",null,"0","$0.00","1","_"
471,"ai excel financial model",null,"0","$0.00","1","_"
472,"ai excel formula checker",null,"0","$0.00","1","_"
473,"ai excel graph generator free",null,"0","$0.00","1","_"
474,"ai help excel formula",null,"0","$0.00","1","_"
475,"ai excel mcp",null,"0","$0.00","1","_"
476,"ai powered excel quick wins",null,"0","$0.00","1","_"
477,"ai excel report generator free",null,"0","$0.00","1","_"
478,"ai excel software",null,"0","$0.00","1","_"
479,"ai excel vba generator",null,"0","$0.00","1","_"
480,"ai excel vba code",null,"0","$0.00","1","_"
481,"ai excel best",null,"0","$0.00","1","_"
482,"ai excel notes",null,"0","$0.00","1","_"
483,"ai excel hacks",null,"0","$0.00","1","_"
484,"ai excel function",null,"0","$0.00","1","_"
485,"ai excel how to use",null,"0","$0.00","1","_"
486,"ai in excel 2019",null,"0","$0.00","1","_"
487,"ai excel uk",null,"0","$0.00","1","_"
488,"ai excel boat",null,"0","$0.00","1","_"
489,"office ai for excel",null,"0","$0.00","1","_"
490,"ai in excel not showing",null,"0","$0.00","1","_"
491,"ai excel word",null,"0","$0.00","1","_"
492,"ai for excel operations",null,"0","$0.00","1","_"
493,"ai in excel 2021",null,"0","$0.00","1","_"
494,"unprotect excel ai",null,"0","$0.00","1","_"
495,"ai excel vba script generator",null,"0","$0.00","1","_"
496,"ai excel youtube",null,"0","$0.00","1","_"
497,"ai excel read",null,"0","$0.00","1","_"
498,"ai excel graph maker",null,"0","$0.00","1","_"
499,"ai excel 365",null,"0","$0.00","1","_"
500,"ai and excel data",null,"0","$0.00","1","_"
501,"ai for excel yc",null,"0","$0.00","1","_"
502,"ai die excel kan maken",null,"0","$0.00","1","_"
503,"ai excel generator online",null,"0","$0.00","1","_"
504,"ai in excel uses microsoft 365 copilot",null,"0","$0.00","1","_"
505,"ai and advanced excel",null,"0","$0.00","1","_"
506,"ai excel document generator",null,"0","$0.00","1","_"
507,"ai excel pdf",null,"0","$0.00","1","_"
508,"ai and ethics ntu",null,"0","$0.00","1","_"
509,"ai excel open source",null,"0","$0.00","1","_"
510,"ai excel password remover",null,"0","$0.00","1","_"
511,"ai khusus excel",null,"0","$0.00","1","_"
512,"ai excel organizer free",null,"0","$0.00","1","_"
513,"ai vs excel meme",null,"0","$0.00","1","_"
514,"ai excel file maker",null,"0","$0.00","1","_"
515,"ai vs excel accounting software",null,"0","$0.00","1","_"
516,"ai excel graph",null,"0","$0.00","1","_"
517,"ai excel report maker",null,"0","$0.00","1","_"
518,"ai kerjakan excel",null,"0","$0.00","1","_"
519,"ai and excel spreadsheet",null,"0","$0.00","1","_"
520,"ai xuất excel",null,"0","$0.00","1","_"
521,"ai excel upload",null,"0","$0.00","1","_"
522,"ai excel query",null,"0","$0.00","1","_"
523,"ai conference excel london",null,"0","$0.00","1","_"
524,"ai excel 2025",null,"0","$0.00","1","_"
525,"ai excel killer",null,"0","$0.00","1","_"
526,"ai excel maker from pdf",null,"0","$0.00","1","_"
527,"ai excel kya hota hai",null,"0","$0.00","1","_"
528,"ai excel workbook generator",null,"0","$0.00","1","_"
529,"ai excel python",null,"0","$0.00","1","_"
530,"ai event excel london",null,"0","$0.00","1","_"
531,"ai excel generator reddit",null,"0","$0.00","1","_"
532,"ai excel liste erstellen",null,"0","$0.00","1","_"
533,"ai excel presentation maker",null,"0","$0.00","1","_"
534,"ai for excel users",null,"0","$0.00","1","_"
535,"ai based excel learning",null,"0","$0.00","1","_"
536,"ai excel reader free",null,"0","$0.00","1","_"
537,"ai column excel number",null,"0","$0.00","1","_"
538,"ai excel power bi",null,"0","$0.00","1","_"
539,"ai excel builder free",null,"0","$0.00","1","_"
540,"ai excel kurs",null,"0","$0.00","1","_"
541,"ai excel repair tool",null,"0","$0.00","1","_"
542,"ai excel review",null,"0","$0.00","1","_"
543,"ai excel benefits",null,"0","$0.00","1","_"
544,"ai excel list maker",null,"0","$0.00","1","_"
545,"big data and ai excel london",null,"0","$0.00","1","_"
546,"ai excel ke ppt",null,"0","$0.00","1","_"
547,"ai excel edit",null,"0","$0.00","1","_"
548,"ai excel repair",null,"0","$0.00","1","_"
549,"ai x excel 工作 法",null,"0","$0.00","1","_"
550,"ai excel manipulation",null,"0","$0.00","1","_"
551,"ai excel book",null,"0","$0.00","1","_"
552,"ai excel bot free download",null,"0","$0.00","1","_"
553,"ai excel without login",null,"0","$0.00","1","_"
554,"ai in excel 2013",null,"0","$0.00","1","_"
555,"using ai and excel",null,"0","$0.00","1","_"
556,"ai excel layout",null,"0","$0.00","1","_"
557,"ai and automation in ms excel skill nation",null,"0","$0.00","1","_"
558,"ai excel project generator",null,"0","$0.00","1","_"
559,"ai lookup excel",null,"0","$0.00","1","_"
560,"ai excel udemy",null,"0","$0.00","1","_"
561,"ai excel assignment",null,"0","$0.00","1","_"
562,"ai unprotect excel sheet",null,"0","$0.00","1","_"
563,"ai excel number",null,"0","$0.00","1","_"
564,"ai excel worksheet",null,"0","$0.00","1","_"
565,"ai excel gpt",null,"0","$0.00","1","_"
566,"ai excel name",null,"0","$0.00","1","_"
567,"ai unlock excel",null,"0","$0.00","1","_"
568,"ai excel kursus",null,"0","$0.00","1","_"
569,"ai excel and powerpoint",null,"0","$0.00","1","_"
570,"ai excel workbook",null,"0","$0.00","1","_"
571,"ai excel 2026",null,"0","$0.00","1","_"
572,"ai excel reconciliation",null,"0","$0.00","1","_"
573,"ai for excel 2010",null,"0","$0.00","1","_"
574,"ai excel gantt chart",null,"0","$0.00","1","_"
575,"ai excel visualization",null,"0","$0.00","1","_"
576,"ai excel workshop venix 2025",null,"0","$0.00","1","_"
577,"ai for excel 2007",null,"0","$0.00","1","_"
578,"ai excel homework solver",null,"0","$0.00","1","_"
579,"ai excel gemini",null,"0","$0.00","1","_"
580,"excel formatter ai",null,"0","$0.00","1","_"
581,"ai excel work",null,"0","$0.00","1","_"
582,"copilot ai and excel",null,"0","$0.00","1","_"
583,"ai excel data cleaning",null,"0","$0.00","1","_"
584,"ai excel modifier",null,"0","$0.00","1","_"
585,"ai and excel integration",null,"0","$0.00","1","_"
586,"ai for excel or google sheets",null,"0","$0.00","1","_"
587,"ai excel analyse",null,"0","$0.00","1","_"
588,"ai excel masterclass",null,"0","$0.00","1","_"
589,"ai excel prompts",null,"0","$0.00","1","_"
590,"ai and excel formulas",null,"0","$0.00","1","_"
591,"ai excel writer",null,"0","$0.00","1","_"
592,"ai trong excel 365",null,"0","$0.00","1","_"
593,"ai and excel sheets",null,"0","$0.00","1","_"
594,"ai and excel training",null,"0","$0.00","1","_"
595,"ai excel program",null,"0","$0.00","1","_"
596,"ai excel download free",null,"0","$0.00","1","_"
597,"ai in excel using chatgpt & copilot rohini",null,"0","$0.00","1","_"
598,"ai x excel",null,"0","$0.00","1","_"
599,"ai ask excel not working",null,"0","$0.00","1","_"
600,"ai excel london",null,"0","$0.00","1","_"
601,"ai excel google sheet",null,"0","$0.00","1","_"
602,"ai excel homework helper",null,"0","$0.00","1","_"
603,"ai excel questions",null,"0","$0.00","1","_"
604,"ai um excel zu erstellen",null,"0","$0.00","1","_"
605,"ai and advanced excel course",null,"0","$0.00","1","_"
606,"ai excel parser",null,"0","$0.00","1","_"
607,"ai excel version",null,"0","$0.00","1","_"
608,"ai excel 2024",null,"0","$0.00","1","_"
609,"ai excel model generator",null,"0","$0.00","1","_"
610,"ai excel help free",null,"0","$0.00","1","_"
611,"ai excel bot download",null,"0","$0.00","1","_"
612,"ai excel helper free",null,"0","$0.00","1","_"
613,"ai excel expert",null,"0","$0.00","1","_"
614,"ai excel generator from image",null,"0","$0.00","1","_"
615,"ai excel online course",null,"0","$0.00","1","_"
616,"ai excel meaning",null,"0","$0.00","1","_"
617,"ai excel wsj",null,"0","$0.00","1","_"
618,"ai excel update",null,"0","$0.00","1","_"
619,"excel ai optimizer",null,"0","$0.00","1","_"
620,"ai excel ppt",null,"0","$0.00","1","_"
621,"ai x excel x tableau资料分析语法指南",null,"0","$0.00","1","_"
622,"ai excel news",null,"0","$0.00","1","_"
623,"ai excel column number",null,"0","$0.00","1","_"
624,"ai excel benchmark",null,"0","$0.00","1","_"
625,"ai excel master",null,"0","$0.00","1","_"
626,"ai for excel homework",null,"0","$0.00","1","_"
627,"ai and ml with excel training",null,"0","$0.00","1","_"
628,"ai excel image",null,"0","$0.00","1","_"
629,"ai and excel classes",null,"0","$0.00","1","_"
630,"ai native excel",null,"0","$0.00","1","_"
